SELECT USER
FROM DUAL;
--==>> HR

-- ■■■ 팀 별 실습 수행 과제 ■■■ --
--  (20220304_02_HR(2팀_팀과제).sql)

-- HR 샘플 스키마 ERD 를 이용한 테이블 재구성~!!!

-- 팀별로.... HR 스키마에 있는 기본 테이블(7개)
-- COUNTRIES / DEPARTMENTS / EMPLOYESS / JOB_HISTORY / JOBS / LOCATIONS / REGIONS
-- 을 똑~~~~~~~같이 새로 구성한다.

-- 단, 생성하는 테이블 이름은 『테이블명 + 팀번호』
-- COUNTRIES1 / DEPARTMENTS1 / EMPLOYEES1/ JOB_HISTORY1 / JOBS1 / LOCATIONS1 / REGIONS1
-- COUNTRIES2 / DEPARTMENTS2 / EMPLOYEES2 / JOB_HISTORY2 / JOBS2 / LOCATIONS2 / REGIONS2 → 2팀
-- COUNTRIES3 / DEPARTMENTS3 / EMPLOYEES3 / JOB_HISTORY3 / JOBS3 / LOCATIONS3 / REGIONS3
-- COUNTRIES4 / DEPARTMENTS4 / EMPLOYEES4 / JOB_HISTORY4 / JOBS4 / LOCATIONS4 / REGIONS4
-- 와 같이 구성한다.

-- 1. 기존 대상 테이블들의 정보 수집
-- 2. 테이블 생성(컬럼이름, 자료형, DEFAULT 표현식, NOT NULL 등...)
-- 3. 제약조건 설정(PK, UK, FK, CK, ...)
-- 4. 작성 후 데이터 입력

-- 제출 항목
--    - 20220304_02_hr(2팀_팀과제).sql
--    - 20220304_02_hr(2팀_팀과제) 수행후기.txt
-- 1. REGION  테이블 만들기-----------------------------------------------------
CREATE TABLE REGIONS2
( REGION_ID     NUMBER      
, REGION_NAME   VARCHAR2(25)
, CONSTRAINTS REG2_ID_PK PRIMARY KEY(REGION_ID)
, CONSTRAINTS REGION2_ID_NN CHECK("REGION_ID" IS NOT NULL)
);

INSERT INTO REGIONS2(REGION_ID, REGION_NAME) VALUES (1, 'Europe');
INSERT INTO REGIONS2(REGION_ID, REGION_NAME) VALUES (2, 'Americas');
INSERT INTO REGIONS2(REGION_ID, REGION_NAME) VALUES (3, 'Asia');
INSERT INTO REGIONS2(REGION_ID, REGION_NAME) VALUES (4, 'Middle East and Africa');

SELECT *
FROM REGIONS2;
--------------------------------------------------------------------------------
-- 2. COUNTRIES  테이블 만들기--------------------------------------------------
-- 테이블 생성
CREATE TABLE COUNTRIES2
( COUNTRY_ID     CHAR(2)
, COUNTRY_NAME   VARCHAR2(40)
, REGION_ID      NUMBER
, CONSTRAINTS COUNTRY2_C_ID_PK PRIMARY KEY(COUNTRY_ID)
, CONSTRAINTS COUNTRY2_ID_NN CHECK("COUNTRY_ID" IS NOT NULL)
, CONSTRAINTS COUNTR2_REG_FK FOREIGN KEY(REGION_ID)
                             REFERENCES REGIONS2(REGION_ID)
);

-- 데이터 입력
INSERT INTO COUNTRIES2(COUNTRY_ID, COUNTRY_NAME, REGION_ID)
VALUES ('AR', 'Argentina', 2);
INSERT INTO COUNTRIES2(COUNTRY_ID, COUNTRY_NAME, REGION_ID)
VALUES ('AU', 'Australia', 3);
INSERT INTO COUNTRIES2(COUNTRY_ID, COUNTRY_NAME, REGION_ID)
VALUES ('BE', 'Belgium', 1);
INSERT INTO COUNTRIES2(COUNTRY_ID, COUNTRY_NAME, REGION_ID)
VALUES ('BR', 'Brazil', 2);
INSERT INTO COUNTRIES2(COUNTRY_ID, COUNTRY_NAME, REGION_ID)
VALUES ('CA', 'Canada', 2);
INSERT INTO COUNTRIES2(COUNTRY_ID, COUNTRY_NAME, REGION_ID)
VALUES ('CH', 'Switzerland', 1);
INSERT INTO COUNTRIES2(COUNTRY_ID, COUNTRY_NAME, REGION_ID)
VALUES ('CN', 'China', 3);
INSERT INTO COUNTRIES2(COUNTRY_ID, COUNTRY_NAME, REGION_ID)
VALUES ('DE', 'Germany', 1);
INSERT INTO COUNTRIES2(COUNTRY_ID, COUNTRY_NAME, REGION_ID)
VALUES ('DK', 'Denmark', 1);
INSERT INTO COUNTRIES2(COUNTRY_ID, COUNTRY_NAME, REGION_ID)
VALUES ('EG', 'Egypt', 4);
INSERT INTO COUNTRIES2(COUNTRY_ID, COUNTRY_NAME, REGION_ID)
VALUES ('FR', 'France', 1);
INSERT INTO COUNTRIES2(COUNTRY_ID, COUNTRY_NAME, REGION_ID)
VALUES ('IL', 'Israel', 4);
INSERT INTO COUNTRIES2(COUNTRY_ID, COUNTRY_NAME, REGION_ID)
VALUES ('IN', 'India', 3);
INSERT INTO COUNTRIES2(COUNTRY_ID, COUNTRY_NAME, REGION_ID)
VALUES ('IT', 'Italy', 1);
INSERT INTO COUNTRIES2(COUNTRY_ID, COUNTRY_NAME, REGION_ID)
VALUES ('JP', 'Japan', 3);
INSERT INTO COUNTRIES2(COUNTRY_ID, COUNTRY_NAME, REGION_ID)
VALUES ('KW', 'Kuwait', 4);
INSERT INTO COUNTRIES2(COUNTRY_ID, COUNTRY_NAME, REGION_ID)
VALUES ('ML', 'Malaysia', 3);
INSERT INTO COUNTRIES2(COUNTRY_ID, COUNTRY_NAME, REGION_ID)
VALUES ('MX', 'Mexico', 2);
INSERT INTO COUNTRIES2(COUNTRY_ID, COUNTRY_NAME, REGION_ID)
VALUES ('NG', 'Nigeria', 4);
INSERT INTO COUNTRIES2(COUNTRY_ID, COUNTRY_NAME, REGION_ID)
VALUES ('NL', 'Netherlands', 1);
INSERT INTO COUNTRIES2(COUNTRY_ID, COUNTRY_NAME, REGION_ID)
VALUES ('SG', 'Singapore', 3);
INSERT INTO COUNTRIES2(COUNTRY_ID, COUNTRY_NAME, REGION_ID)
VALUES ('UK', 'United Kingdom', 1);
INSERT INTO COUNTRIES2(COUNTRY_ID, COUNTRY_NAME, REGION_ID)
VALUES ('US', 'United States of America', 2);
INSERT INTO COUNTRIES2(COUNTRY_ID, COUNTRY_NAME, REGION_ID)
VALUES ('ZM', 'Zambia', 4);
INSERT INTO COUNTRIES2(COUNTRY_ID, COUNTRY_NAME, REGION_ID)
VALUES ('ZW', 'Zimbabwe', 4);

SELECT *
FROM COUNTRIES2;
--------------------------------------------------------------------------------
-- 3. LOCATIONS2  테이블 만들기-------------------------------------------------
-- 테이블 생성
CREATE TABLE LOCATIONS2
( LOCATION_ID      NUMBER(4)     
, STREET_ADDRESS   VARCHAR2(40)
, POSTAL_CODE      VARCHAR2(12)
, CITY             VARCHAR2(30)     CONSTRAINTS LOC2_CITY_NN NOT NULL
, STATE_PROVINCE   VARCHAR2(25) 
, COUNTRY_ID       CHAR(2)   
, CONSTRAINTS LOC2_ID_PK   PRIMARY KEY(LOCATION_ID)
, CONSTRAINTS LOC2_C_ID_FK FOREIGN KEY(COUNTRY_ID)
                           REFERENCES COUNTRIES2(COUNTRY_ID)
);

-- 데이터 입력
INSERT INTO LOCATIONS2(LOCATION_ID, STREET_ADDRESS, POSTAL_CODE, CITY, STATE_PROVINCE, COUNTRY_ID)
VALUES (1000, '1297 Via Cola di Rie', '00989', 'Roma', NULL, 'IT');
INSERT INTO LOCATIONS2(LOCATION_ID, STREET_ADDRESS, POSTAL_CODE, CITY, STATE_PROVINCE, COUNTRY_ID)
VALUES (1100, '93091 Calle della Testa', '10934', 'Venice', NULL, 'IT');
INSERT INTO LOCATIONS2(LOCATION_ID, STREET_ADDRESS, POSTAL_CODE, CITY, STATE_PROVINCE, COUNTRY_ID)
VALUES (1200, '2017 Shinjuku-ku', '1689', 'Tokyo', 'Tokyo Prefecture', 'JP');
INSERT INTO LOCATIONS2(LOCATION_ID, STREET_ADDRESS, POSTAL_CODE, CITY, STATE_PROVINCE, COUNTRY_ID)
VALUES (1300, '9450 Kamiya-cho', '6823', 'Hiroshima', NULL, 'JP');
INSERT INTO LOCATIONS2(LOCATION_ID, STREET_ADDRESS, POSTAL_CODE, CITY, STATE_PROVINCE, COUNTRY_ID)
VALUES (1400, '2014 Jabberwocky Rd', '26192', 'Southlake', 'Texas', 'US');
INSERT INTO LOCATIONS2(LOCATION_ID, STREET_ADDRESS, POSTAL_CODE, CITY, STATE_PROVINCE, COUNTRY_ID)
VALUES (1500, '2011 Interiors Blvd', '99236', 'South San Francisco', 'California', 'US');
INSERT INTO LOCATIONS2(LOCATION_ID, STREET_ADDRESS, POSTAL_CODE, CITY, STATE_PROVINCE, COUNTRY_ID)
VALUES (1600, '2007 Zagora St', '50090', 'South Brunswick', 'New Jersey', 'US');
INSERT INTO LOCATIONS2(LOCATION_ID, STREET_ADDRESS, POSTAL_CODE, CITY, STATE_PROVINCE, COUNTRY_ID)
VALUES (1700, '2004 Charade Rd', '98199', 'Seattle', 'Washington', 'US');
INSERT INTO LOCATIONS2(LOCATION_ID, STREET_ADDRESS, POSTAL_CODE, CITY, STATE_PROVINCE, COUNTRY_ID)
VALUES (1800, '147 Spadina Ave', 'M5V 2L7', 'Toronto', 'Ontario', 'CA');
INSERT INTO LOCATIONS2(LOCATION_ID, STREET_ADDRESS, POSTAL_CODE, CITY, STATE_PROVINCE, COUNTRY_ID)
VALUES (1900, '6092 Boxwood St', 'YSW 9T2', 'Whitehorse', 'Yukon', 'CA');
INSERT INTO LOCATIONS2(LOCATION_ID, STREET_ADDRESS, POSTAL_CODE, CITY, STATE_PROVINCE, COUNTRY_ID)
VALUES (2000, '40-5-12 Laogianggen', '190518', 'Beijing', NULL, 'CN');
INSERT INTO LOCATIONS2(LOCATION_ID, STREET_ADDRESS, POSTAL_CODE, CITY, STATE_PROVINCE, COUNTRY_ID)
VALUES (2100, '1298 Vileparle (E)', '490231', 'Bombay', 'Maharashtra', 'IN');
INSERT INTO LOCATIONS2(LOCATION_ID, STREET_ADDRESS, POSTAL_CODE, CITY, STATE_PROVINCE, COUNTRY_ID)
VALUES (2200, '12-98 Victoria Street', '2901', 'Sydney', 'New South Wales', 'AU');
INSERT INTO LOCATIONS2(LOCATION_ID, STREET_ADDRESS, POSTAL_CODE, CITY, STATE_PROVINCE, COUNTRY_ID)
VALUES (2300, '198 Clementi North', '540198', 'Singapore', NULL, 'SG');
INSERT INTO LOCATIONS2(LOCATION_ID, STREET_ADDRESS, POSTAL_CODE, CITY, STATE_PROVINCE, COUNTRY_ID)
VALUES (2400, '8204 Arthur St', NULL, 'London', NULL, 'UK');
 INSERT INTO LOCATIONS2(LOCATION_ID, STREET_ADDRESS, POSTAL_CODE, CITY, STATE_PROVINCE, COUNTRY_ID)
VALUES (2500, 'Magdalen Centre, The Oxford Science Park', 'OX9 9ZB', 'Oxford', 'Oxford', 'UK');
INSERT INTO LOCATIONS2(LOCATION_ID, STREET_ADDRESS, POSTAL_CODE, CITY, STATE_PROVINCE, COUNTRY_ID)
VALUES (2600, '9702 Chester Road', '09629850293', 'Stretford', 'Manchester', 'UK');
INSERT INTO LOCATIONS2(LOCATION_ID, STREET_ADDRESS, POSTAL_CODE, CITY, STATE_PROVINCE, COUNTRY_ID)
VALUES (2700, 'Schwanthalerstr. 7031', '80925', 'Munich', 'Bavaria', 'DE');
 INSERT INTO LOCATIONS2(LOCATION_ID, STREET_ADDRESS, POSTAL_CODE, CITY, STATE_PROVINCE, COUNTRY_ID)
VALUES (2800, 'Rua Frei Caneca 1360 ', '01307-002', 'Sao Paulo', 'Sao Paulo', 'BR');
INSERT INTO LOCATIONS2(LOCATION_ID, STREET_ADDRESS, POSTAL_CODE, CITY, STATE_PROVINCE, COUNTRY_ID)
VALUES (2900, '20 Rue des Corps-Saints', '1730', 'Geneva', 'Geneve', 'CH');
INSERT INTO LOCATIONS2(LOCATION_ID, STREET_ADDRESS, POSTAL_CODE, CITY, STATE_PROVINCE, COUNTRY_ID)
VALUES (3000, 'Murtenstrasse 921', '3095', 'Bern', 'BE', 'CH');
INSERT INTO LOCATIONS2(LOCATION_ID, STREET_ADDRESS, POSTAL_CODE, CITY, STATE_PROVINCE, COUNTRY_ID)
VALUES (3100, 'Pieter Breughelstraat 837', '3029SK', 'Utrecht', 'Utrecht', 'NL');
INSERT INTO LOCATIONS2(LOCATION_ID, STREET_ADDRESS, POSTAL_CODE, CITY, STATE_PROVINCE, COUNTRY_ID)
VALUES (3200, 'Mariano Escobedo 9991', '11932', 'Mexico City', 'Distrito Federal,', 'MX');

SELECT *
FROM LOCATIONS;
--------------------------------------------------------------------------------
-- 4. JOBS2  테이블 만들기-------------------------------------------------
CREATE TABLE JOBS2
( JOB_ID        VARCHAR2(10)
, JOB_TITLE     VARCHAR2(35)    CONSTRAINTS JOB2_TITLE_NN NOT NULL
, MIN_SALARY    NUMBER(6,0)
, MAX_SALARY    NUMBER(6,0)
, CONSTRAINTS JOB2_ID_PK PRIMARY KEY(JOB_ID) 
);

-- 데이터 입력
INSERT INTO JOBS2 VALUES('AD_PRES', 'President', 20080, 40000);
INSERT INTO JOBS2 VALUES('AD_VP', 'Administration Vice President', 15000, 30000);
INSERT INTO JOBS2 VALUES('AD_ASST', 'Administration Assistant', 3000, 6000);
INSERT INTO JOBS2 VALUES('FI_MGR', 'Finance Manager', 8200, 16000);
INSERT INTO JOBS2 VALUES('FI_ACCOUNT', 'Accountant', 4200, 9000);
INSERT INTO JOBS2 VALUES('AC_MGR', 'Accounting Manager', 8200, 16000);
INSERT INTO JOBS2 VALUES('AC_ACCOUNT', 'Public Accountant', 4200, 9000);
INSERT INTO JOBS2 VALUES('SA_MAN', 'Sales Manager', 10000, 20080);
INSERT INTO JOBS2 VALUES('SA_REP', 'Sales Representative', 6000, 12008);
INSERT INTO JOBS2 VALUES('PU_MAN', 'Purchasing Manager',   8000, 15000);
INSERT INTO JOBS2 VALUES('PU_CLERK',   'Purchasing Clerk',   2500, 5500);
INSERT INTO JOBS2 VALUES('ST_MAN',   'Stock Manager', 5500, 8500);
INSERT INTO JOBS2 VALUES('ST_CLERK',   'Stock Clerk', 2008,   5000);
INSERT INTO JOBS2 VALUES('SH_CLERK',   'Shipping Clerk', 2500, 5500);
INSERT INTO JOBS2 VALUES('IT_PROG',   'Programmer', 4000, 10000);
INSERT INTO JOBS2 VALUES('MK_MAN', 'Marketing Manager', 9000,   15000);
INSERT INTO JOBS2 VALUES('MK_REP', 'Marketing Representative', 4000, 9000);
INSERT INTO JOBS2 VALUES('HR_REP', 'Human Resources Representative', 4000, 9000);
INSERT INTO JOBS2 VALUES('PR_REP', 'Public Relations Representative',   4500, 10500);

SELECT *
FROM JOBS2;
--------------------------------------------------------------------------------
-- 5. DEPARTMENTS2 테이블 만들기------------------------------------------------
CREATE TABLE DEPARTMENTS2
( DEPARTMENT_ID     NUMBER(4,0)
, DEPARTMENT_NAME   VARCHAR2(30)    CONSTRAINTS DEPT2_NAME_NN NOT NULL
, MANAGER_ID        NUMBER(6,0)
, LOCATION_ID       NUMBER(4,0)
, CONSTRAINTS DEPT2_ID_PK PRIMARY KEY(DEPARTMENT_ID)
, CONSTRAINTS DEPT2_LOC_FK FOREIGN KEY(LOCATION_ID) 
                            REFERENCES LOCATIONS2(LOCATION_ID)
);

-- 구조변경, 직원테이블 EMPLOYEE_ID 참조, MANAGER_ID로 

ALTER TABLE DEPARTMENTS2
ADD CONSTRAINT DEPT2_MGR_FK FOREIGN KEY(MANAGER_ID)
               REFERENCES EMPLOYEES2(EMPLOYEE_ID);
               
-- 데이터 입력
INSERT INTO DEPARTMENTS2 VALUES(10, 'Administration', 200, 1700);
INSERT INTO DEPARTMENTS2 VALUES(20, 'Marketing',   201,   1800);
INSERT INTO DEPARTMENTS2 VALUES(30, 'Purchasing', 114, 1700);
INSERT INTO DEPARTMENTS2 VALUES(40, 'Human Resources', 203, 2400);
INSERT INTO DEPARTMENTS2 VALUES(50, 'Shipping', 121, 1500);
INSERT INTO DEPARTMENTS2 VALUES(60, 'IT', 103, 1400);
INSERT INTO DEPARTMENTS2 VALUES(70, 'Public Relations', 204, 2700);
INSERT INTO DEPARTMENTS2 VALUES(80, 'Sales', 145, 2500);
INSERT INTO DEPARTMENTS2 VALUES(90, 'Executive', 100, 1700);
INSERT INTO DEPARTMENTS2 VALUES(100, 'Finance', 108, 1700);
INSERT INTO DEPARTMENTS2 VALUES(110, 'Accounting', 205, 1700);
INSERT INTO DEPARTMENTS2 VALUES(120,   'Treasury',    NULL, 1700);
INSERT INTO DEPARTMENTS2 VALUES(130, 'Corporate Tax', NULL, 1700);
INSERT INTO DEPARTMENTS2 VALUES(140,   'Control And Credit', NULL, 1700);
INSERT INTO DEPARTMENTS2 VALUES(150, 'Shareholder Services', NULL, 1700);
INSERT INTO DEPARTMENTS2 VALUES(160, 'Benefits', NULL, 1700);
INSERT INTO DEPARTMENTS2 VALUES(170,   'Manufacturing', NULL, 1700);
INSERT INTO DEPARTMENTS2 VALUES(180, 'Construction', NULL, 1700);
INSERT INTO DEPARTMENTS2 VALUES(190, 'Contracting', NULL, 1700);
INSERT INTO DEPARTMENTS2 VALUES(200, 'Operations', NULL, 1700);
INSERT INTO DEPARTMENTS2 VALUES(210, 'IT Support', NULL, 1700);
INSERT INTO DEPARTMENTS2 VALUES(220, 'NOC', NULL, 1700);
INSERT INTO DEPARTMENTS2 VALUES(230, 'IT Helpdesk', NULL, 1700);
INSERT INTO DEPARTMENTS2 VALUES(240, 'Government Sales', NULL, 1700);
INSERT INTO DEPARTMENTS2 VALUES(250, 'Retail Sales', NULL, 1700);
INSERT INTO DEPARTMENTS2 VALUES(260, 'Recruiting', NULL, 1700);
INSERT INTO DEPARTMENTS2 VALUES(270, 'Payroll', NULL, 1700);

-- 데이터 업데이트,
UPDATE  DEPARTMENTS2
SET MANAGER_ID = 200
WHERE DEPARTMENT_ID = 10;

UPDATE  DEPARTMENTS2
SET MANAGER_ID = 201
WHERE DEPARTMENT_ID = 20;

UPDATE  DEPARTMENTS2
SET MANAGER_ID = 114
WHERE DEPARTMENT_ID = 30;

UPDATE  DEPARTMENTS2
SET MANAGER_ID = 203
WHERE DEPARTMENT_ID = 40;

UPDATE  DEPARTMENTS2
SET MANAGER_ID = 121
WHERE DEPARTMENT_ID = 50;

UPDATE  DEPARTMENTS2
SET MANAGER_ID = 103
WHERE DEPARTMENT_ID = 60;

UPDATE  DEPARTMENTS2
SET MANAGER_ID = 204
WHERE DEPARTMENT_ID = 70;

UPDATE  DEPARTMENTS2
SET MANAGER_ID = 145
WHERE DEPARTMENT_ID = 80;

UPDATE  DEPARTMENTS2
SET MANAGER_ID = 100
WHERE DEPARTMENT_ID = 90;

UPDATE  DEPARTMENTS2
SET MANAGER_ID = 108
WHERE DEPARTMENT_ID = 100;

UPDATE  DEPARTMENTS2
SET MANAGER_ID = 205
WHERE DEPARTMENT_ID = 110;

SELECT *
FROM DEPARTMENTS2;
--------------------------------------------------------------------------------
-- 6. EMPLOYEES2 테이블 만들기-------------------------------------------------
-- 테이블 생성
CREATE TABLE EMPLOYEES2
( EMPLOYEE_ID    NUMBER(6)    
, FIRST_NAME     VARCHAR2(20) 
, LAST_NAME      VARCHAR2(25)  CONSTRAINTS EMP2_LAST_NAME_NN NOT NULL
, EMAIL          VARCHAR2(25)  CONSTRAINTS EMP2_EMAIL_NN NOT NULL
, PHONE_NUMBER   VARCHAR2(20) 
, HIRE_DATE      DATE          CONSTRAINTS EMP2_HIRE_DATE_NN NOT NULL
, JOB_ID         VARCHAR2(10)  CONSTRAINTS EMP2_JOB_NN NOT NULL 
, SALARY         NUMBER(8,2)
, COMMISSION_PCT NUMBER(2,2)  
, MANAGER_ID     NUMBER(6)
, DEPARTMENT_ID  NUMBER(4) 
, CONSTRAINTS EMP2_EMP_ID_PK PRIMARY KEY(EMPLOYEE_ID) 
, CONSTRAINT EMP2_EMAIL_UK UNIQUE(EMAIL)
, CONSTRAINT EMP2_SALARY_MIN CHECK(salary > 0 )
, CONSTRAINTS EMP2_DEPT_FK FOREIGN KEY(DEPARTMENT_ID)
                             REFERENCES DEPARTMENTS2(DEPARTMENT_ID)
, CONSTRAINTS EMP2_JOB_FK FOREIGN KEY(JOB_ID)
                             REFERENCES JOBS2(JOB_ID)                               
);

-- 구조변경, 자기테이블 MANAGER_ID 참조
ALTER TABLE EMPLOYEES2
ADD CONSTRAINT EMP2_MANAGER_FK FOREIGN KEY(MANAGER_ID)
                               REFERENCES EMPLOYEES2(EMPLOYEE_ID);

-- 데이터 입력                 
INSERT INTO EMPLOYEES2 (EMPLOYEE_ID,FIRST_NAME,LAST_NAME,EMAIL,PHONE_NUMBER,HIRE_DATE,JOB_ID,SALARY,COMMISSION_PCT,MANAGER_ID,DEPARTMENT_ID) VALUES (100,'Steven','King','SKING','515.123.4567',TO_DATE('2003-06-17','YYYY-MM-DD'),'AD_PRES',24000,NULL,NULL,90);
INSERT INTO EMPLOYEES2 (EMPLOYEE_ID,FIRST_NAME,LAST_NAME,EMAIL,PHONE_NUMBER,HIRE_DATE,JOB_ID,SALARY,COMMISSION_PCT,MANAGER_ID,DEPARTMENT_ID) VALUES (101,'Neena','Kochhar','NKOCHHAR','515.123.4568',TO_DATE('2005-09-21','YYYY-MM-DD'),'AD_VP',17000,NULL,100,90);
INSERT INTO EMPLOYEES2 (EMPLOYEE_ID,FIRST_NAME,LAST_NAME,EMAIL,PHONE_NUMBER,HIRE_DATE,JOB_ID,SALARY,COMMISSION_PCT,MANAGER_ID,DEPARTMENT_ID) VALUES (102,'Lex','De Haan','LDEHAAN','515.123.4569',TO_DATE('2001-01-13','YYYY-MM-DD'),'AD_VP',17000,NULL,100,90);
INSERT INTO EMPLOYEES2 (EMPLOYEE_ID,FIRST_NAME,LAST_NAME,EMAIL,PHONE_NUMBER,HIRE_DATE,JOB_ID,SALARY,COMMISSION_PCT,MANAGER_ID,DEPARTMENT_ID) VALUES (103,'Alexander','Hunold','AHUNOLD','590.423.4567',TO_DATE('2006-01-03','YYYY-MM-DD'),'IT_PROG',9000,NULL,102,60);
INSERT INTO EMPLOYEES2 (EMPLOYEE_ID,FIRST_NAME,LAST_NAME,EMAIL,PHONE_NUMBER,HIRE_DATE,JOB_ID,SALARY,COMMISSION_PCT,MANAGER_ID,DEPARTMENT_ID) VALUES (104,'Bruce','Ernst','BERNST','590.423.4568',TO_DATE('2007-05-21','YYYY-MM-DD'),'IT_PROG',6000,NULL,103,60);
INSERT INTO EMPLOYEES2 (EMPLOYEE_ID,FIRST_NAME,LAST_NAME,EMAIL,PHONE_NUMBER,HIRE_DATE,JOB_ID,SALARY,COMMISSION_PCT,MANAGER_ID,DEPARTMENT_ID) VALUES (105,'David','Austin','DAUSTIN','590.423.4569',TO_DATE('2005-06-25','YYYY-MM-DD'),'IT_PROG',4800,NULL,103,60);
INSERT INTO EMPLOYEES2 (EMPLOYEE_ID,FIRST_NAME,LAST_NAME,EMAIL,PHONE_NUMBER,HIRE_DATE,JOB_ID,SALARY,COMMISSION_PCT,MANAGER_ID,DEPARTMENT_ID) VALUES (106,'Valli','Pataballa','VPATABAL','590.423.4560',TO_DATE('2006-02-05','YYYY-MM-DD'),'IT_PROG',4800,NULL,103,60);
INSERT INTO EMPLOYEES2 (EMPLOYEE_ID,FIRST_NAME,LAST_NAME,EMAIL,PHONE_NUMBER,HIRE_DATE,JOB_ID,SALARY,COMMISSION_PCT,MANAGER_ID,DEPARTMENT_ID) VALUES (107,'Diana','Lorentz','DLORENTZ','590.423.5567',TO_DATE('2007-02-07','YYYY-MM-DD'),'IT_PROG',4200,NULL,103,60);
INSERT INTO EMPLOYEES2 (EMPLOYEE_ID,FIRST_NAME,LAST_NAME,EMAIL,PHONE_NUMBER,HIRE_DATE,JOB_ID,SALARY,COMMISSION_PCT,MANAGER_ID,DEPARTMENT_ID) VALUES (108,'Nancy','Greenberg','NGREENBE','515.124.4569',TO_DATE('2002-08-17','YYYY-MM-DD'),'FI_MGR',12008,NULL,101,100);
INSERT INTO EMPLOYEES2 (EMPLOYEE_ID,FIRST_NAME,LAST_NAME,EMAIL,PHONE_NUMBER,HIRE_DATE,JOB_ID,SALARY,COMMISSION_PCT,MANAGER_ID,DEPARTMENT_ID) VALUES (109,'Daniel','Faviet','DFAVIET','515.124.4169',TO_DATE('2002-08-16','YYYY-MM-DD'),'FI_ACCOUNT',9000,NULL,108,100);
INSERT INTO EMPLOYEES2 (EMPLOYEE_ID,FIRST_NAME,LAST_NAME,EMAIL,PHONE_NUMBER,HIRE_DATE,JOB_ID,SALARY,COMMISSION_PCT,MANAGER_ID,DEPARTMENT_ID) VALUES (110,'John','Chen','JCHEN','515.124.4269',TO_DATE('2005-09-28','YYYY-MM-DD'),'FI_ACCOUNT',8200,NULL,108,100);
INSERT INTO EMPLOYEES2 (EMPLOYEE_ID,FIRST_NAME,LAST_NAME,EMAIL,PHONE_NUMBER,HIRE_DATE,JOB_ID,SALARY,COMMISSION_PCT,MANAGER_ID,DEPARTMENT_ID) VALUES (111,'Ismael','Sciarra','ISCIARRA','515.124.4369',TO_DATE('2005-09-30','YYYY-MM-DD'),'FI_ACCOUNT',7700,NULL,108,100);
INSERT INTO EMPLOYEES2 (EMPLOYEE_ID,FIRST_NAME,LAST_NAME,EMAIL,PHONE_NUMBER,HIRE_DATE,JOB_ID,SALARY,COMMISSION_PCT,MANAGER_ID,DEPARTMENT_ID) VALUES (112,'Jose Manuel','Urman','JMURMAN','515.124.4469',TO_DATE('2006-03-07','YYYY-MM-DD'),'FI_ACCOUNT',7800,NULL,108,100);
INSERT INTO EMPLOYEES2 (EMPLOYEE_ID,FIRST_NAME,LAST_NAME,EMAIL,PHONE_NUMBER,HIRE_DATE,JOB_ID,SALARY,COMMISSION_PCT,MANAGER_ID,DEPARTMENT_ID) VALUES (113,'Luis','Popp','LPOPP','515.124.4567',TO_DATE('2007-12-07','YYYY-MM-DD'),'FI_ACCOUNT',6900,NULL,108,100);
INSERT INTO EMPLOYEES2 (EMPLOYEE_ID,FIRST_NAME,LAST_NAME,EMAIL,PHONE_NUMBER,HIRE_DATE,JOB_ID,SALARY,COMMISSION_PCT,MANAGER_ID,DEPARTMENT_ID) VALUES (114,'Den','Raphaely','DRAPHEAL','515.127.4561',TO_DATE('2002-12-07','YYYY-MM-DD'),'PU_MAN',11000,NULL,100,30);
INSERT INTO EMPLOYEES2 (EMPLOYEE_ID,FIRST_NAME,LAST_NAME,EMAIL,PHONE_NUMBER,HIRE_DATE,JOB_ID,SALARY,COMMISSION_PCT,MANAGER_ID,DEPARTMENT_ID) VALUES (115,'Alexander','Khoo','AKHOO','515.127.4562',TO_DATE('2003-05-18','YYYY-MM-DD'),'PU_CLERK',3100,NULL,114,30);
INSERT INTO EMPLOYEES2 (EMPLOYEE_ID,FIRST_NAME,LAST_NAME,EMAIL,PHONE_NUMBER,HIRE_DATE,JOB_ID,SALARY,COMMISSION_PCT,MANAGER_ID,DEPARTMENT_ID) VALUES (116,'Shelli','Baida','SBAIDA','515.127.4563',TO_DATE('2005-12-24','YYYY-MM-DD'),'PU_CLERK',2900,NULL,114,30);
INSERT INTO EMPLOYEES2 (EMPLOYEE_ID,FIRST_NAME,LAST_NAME,EMAIL,PHONE_NUMBER,HIRE_DATE,JOB_ID,SALARY,COMMISSION_PCT,MANAGER_ID,DEPARTMENT_ID) VALUES (117,'Sigal','Tobias','STOBIAS','515.127.4564',TO_DATE('2005-07-24','YYYY-MM-DD'),'PU_CLERK',2800,NULL,114,30);
INSERT INTO EMPLOYEES2 (EMPLOYEE_ID,FIRST_NAME,LAST_NAME,EMAIL,PHONE_NUMBER,HIRE_DATE,JOB_ID,SALARY,COMMISSION_PCT,MANAGER_ID,DEPARTMENT_ID) VALUES (118,'Guy','Himuro','GHIMURO','515.127.4565',TO_DATE('2006-11-15','YYYY-MM-DD'),'PU_CLERK',2600,NULL,114,30);
INSERT INTO EMPLOYEES2 (EMPLOYEE_ID,FIRST_NAME,LAST_NAME,EMAIL,PHONE_NUMBER,HIRE_DATE,JOB_ID,SALARY,COMMISSION_PCT,MANAGER_ID,DEPARTMENT_ID) VALUES (119,'Karen','Colmenares','KCOLMENA','515.127.4566',TO_DATE('2007-08-10','YYYY-MM-DD'),'PU_CLERK',2500,NULL,114,30);
INSERT INTO EMPLOYEES2 (EMPLOYEE_ID,FIRST_NAME,LAST_NAME,EMAIL,PHONE_NUMBER,HIRE_DATE,JOB_ID,SALARY,COMMISSION_PCT,MANAGER_ID,DEPARTMENT_ID) VALUES (120,'Matthew','Weiss','MWEISS','650.123.1234',TO_DATE('2004-07-18','YYYY-MM-DD'),'ST_MAN',8000,NULL,100,50);
INSERT INTO EMPLOYEES2 (EMPLOYEE_ID,FIRST_NAME,LAST_NAME,EMAIL,PHONE_NUMBER,HIRE_DATE,JOB_ID,SALARY,COMMISSION_PCT,MANAGER_ID,DEPARTMENT_ID) VALUES (121,'Adam','Fripp','AFRIPP','650.123.2234',TO_DATE('2005-04-10','YYYY-MM-DD'),'ST_MAN',8200,NULL,100,50);
INSERT INTO EMPLOYEES2 (EMPLOYEE_ID,FIRST_NAME,LAST_NAME,EMAIL,PHONE_NUMBER,HIRE_DATE,JOB_ID,SALARY,COMMISSION_PCT,MANAGER_ID,DEPARTMENT_ID) VALUES (122,'Payam','Kaufling','PKAUFLIN','650.123.3234',TO_DATE('2003-05-01','YYYY-MM-DD'),'ST_MAN',7900,NULL,100,50);
INSERT INTO EMPLOYEES2 (EMPLOYEE_ID,FIRST_NAME,LAST_NAME,EMAIL,PHONE_NUMBER,HIRE_DATE,JOB_ID,SALARY,COMMISSION_PCT,MANAGER_ID,DEPARTMENT_ID) VALUES (123,'Shanta','Vollman','SVOLLMAN','650.123.4234',TO_DATE('2005-10-10','YYYY-MM-DD'),'ST_MAN',6500,NULL,100,50);
INSERT INTO EMPLOYEES2 (EMPLOYEE_ID,FIRST_NAME,LAST_NAME,EMAIL,PHONE_NUMBER,HIRE_DATE,JOB_ID,SALARY,COMMISSION_PCT,MANAGER_ID,DEPARTMENT_ID) VALUES (124,'Kevin','Mourgos','KMOURGOS','650.123.5234',TO_DATE('2007-11-16','YYYY-MM-DD'),'ST_MAN',5800,NULL,100,50);
INSERT INTO EMPLOYEES2 (EMPLOYEE_ID,FIRST_NAME,LAST_NAME,EMAIL,PHONE_NUMBER,HIRE_DATE,JOB_ID,SALARY,COMMISSION_PCT,MANAGER_ID,DEPARTMENT_ID) VALUES (125,'Julia','Nayer','JNAYER','650.124.1214',TO_DATE('2005-07-16','YYYY-MM-DD'),'ST_CLERK',3200,NULL,120,50);
INSERT INTO EMPLOYEES2 (EMPLOYEE_ID,FIRST_NAME,LAST_NAME,EMAIL,PHONE_NUMBER,HIRE_DATE,JOB_ID,SALARY,COMMISSION_PCT,MANAGER_ID,DEPARTMENT_ID) VALUES (126,'Irene','Mikkilineni','IMIKKILI','650.124.1224',TO_DATE('2006-09-28','YYYY-MM-DD'),'ST_CLERK',2700,NULL,120,50);
INSERT INTO EMPLOYEES2 (EMPLOYEE_ID,FIRST_NAME,LAST_NAME,EMAIL,PHONE_NUMBER,HIRE_DATE,JOB_ID,SALARY,COMMISSION_PCT,MANAGER_ID,DEPARTMENT_ID) VALUES (127,'James','Landry','JLANDRY','650.124.1334',TO_DATE('2007-01-14','YYYY-MM-DD'),'ST_CLERK',2400,NULL,120,50);
INSERT INTO EMPLOYEES2 (EMPLOYEE_ID,FIRST_NAME,LAST_NAME,EMAIL,PHONE_NUMBER,HIRE_DATE,JOB_ID,SALARY,COMMISSION_PCT,MANAGER_ID,DEPARTMENT_ID) VALUES (128,'Steven','Markle','SMARKLE','650.124.1434',TO_DATE('2008-03-08','YYYY-MM-DD'),'ST_CLERK',2200,NULL,120,50);
INSERT INTO EMPLOYEES2 (EMPLOYEE_ID,FIRST_NAME,LAST_NAME,EMAIL,PHONE_NUMBER,HIRE_DATE,JOB_ID,SALARY,COMMISSION_PCT,MANAGER_ID,DEPARTMENT_ID) VALUES (129,'Laura','Bissot','LBISSOT','650.124.5234',TO_DATE('2005-08-20','YYYY-MM-DD'),'ST_CLERK',3300,NULL,121,50);
INSERT INTO EMPLOYEES2 (EMPLOYEE_ID,FIRST_NAME,LAST_NAME,EMAIL,PHONE_NUMBER,HIRE_DATE,JOB_ID,SALARY,COMMISSION_PCT,MANAGER_ID,DEPARTMENT_ID) VALUES (130,'Mozhe','Atkinson','MATKINSO','650.124.6234',TO_DATE('2005-10-30','YYYY-MM-DD'),'ST_CLERK',2800,NULL,121,50);
INSERT INTO EMPLOYEES2 (EMPLOYEE_ID,FIRST_NAME,LAST_NAME,EMAIL,PHONE_NUMBER,HIRE_DATE,JOB_ID,SALARY,COMMISSION_PCT,MANAGER_ID,DEPARTMENT_ID) VALUES (131,'James','Marlow','JAMRLOW','650.124.7234',TO_DATE('2005-02-16','YYYY-MM-DD'),'ST_CLERK',2500,NULL,121,50);
INSERT INTO EMPLOYEES2 (EMPLOYEE_ID,FIRST_NAME,LAST_NAME,EMAIL,PHONE_NUMBER,HIRE_DATE,JOB_ID,SALARY,COMMISSION_PCT,MANAGER_ID,DEPARTMENT_ID) VALUES (132,'TJ','Olson','TJOLSON','650.124.8234',TO_DATE('2007-04-10','YYYY-MM-DD'),'ST_CLERK',2100,NULL,121,50);
INSERT INTO EMPLOYEES2 (EMPLOYEE_ID,FIRST_NAME,LAST_NAME,EMAIL,PHONE_NUMBER,HIRE_DATE,JOB_ID,SALARY,COMMISSION_PCT,MANAGER_ID,DEPARTMENT_ID) VALUES (133,'Jason','Mallin','JMALLIN','650.127.1934',TO_DATE('2004-06-14','YYYY-MM-DD'),'ST_CLERK',3300,NULL,122,50);
INSERT INTO EMPLOYEES2 (EMPLOYEE_ID,FIRST_NAME,LAST_NAME,EMAIL,PHONE_NUMBER,HIRE_DATE,JOB_ID,SALARY,COMMISSION_PCT,MANAGER_ID,DEPARTMENT_ID) VALUES (134,'Michael','Rogers','MROGERS','650.127.1834',TO_DATE('2006-08-26','YYYY-MM-DD'),'ST_CLERK',2900,NULL,122,50);
INSERT INTO EMPLOYEES2 (EMPLOYEE_ID,FIRST_NAME,LAST_NAME,EMAIL,PHONE_NUMBER,HIRE_DATE,JOB_ID,SALARY,COMMISSION_PCT,MANAGER_ID,DEPARTMENT_ID) VALUES (135,'Ki','Gee','KGEE','650.127.1734',TO_DATE('2007-12-12','YYYY-MM-DD'),'ST_CLERK',2400,NULL,122,50);
INSERT INTO EMPLOYEES2 (EMPLOYEE_ID,FIRST_NAME,LAST_NAME,EMAIL,PHONE_NUMBER,HIRE_DATE,JOB_ID,SALARY,COMMISSION_PCT,MANAGER_ID,DEPARTMENT_ID) VALUES (136,'Hazel','Philtanker','HPHILTAN','650.127.1634',TO_DATE('2008-02-06','YYYY-MM-DD'),'ST_CLERK',2200,NULL,122,50);
INSERT INTO EMPLOYEES2 (EMPLOYEE_ID,FIRST_NAME,LAST_NAME,EMAIL,PHONE_NUMBER,HIRE_DATE,JOB_ID,SALARY,COMMISSION_PCT,MANAGER_ID,DEPARTMENT_ID) VALUES (137,'Renske','Ladwig','RLADWIG','650.121.1234',TO_DATE('2003-07-14','YYYY-MM-DD'),'ST_CLERK',3600,NULL,123,50);
INSERT INTO EMPLOYEES2 (EMPLOYEE_ID,FIRST_NAME,LAST_NAME,EMAIL,PHONE_NUMBER,HIRE_DATE,JOB_ID,SALARY,COMMISSION_PCT,MANAGER_ID,DEPARTMENT_ID) VALUES (138,'Stephen','Stiles','SSTILES','650.121.2034',TO_DATE('2005-10-26','YYYY-MM-DD'),'ST_CLERK',3200,NULL,123,50);
INSERT INTO EMPLOYEES2 (EMPLOYEE_ID,FIRST_NAME,LAST_NAME,EMAIL,PHONE_NUMBER,HIRE_DATE,JOB_ID,SALARY,COMMISSION_PCT,MANAGER_ID,DEPARTMENT_ID) VALUES (139,'John','Seo','JSEO','650.121.2019',TO_DATE('2006-02-12','YYYY-MM-DD'),'ST_CLERK',2700,NULL,123,50);
INSERT INTO EMPLOYEES2 (EMPLOYEE_ID,FIRST_NAME,LAST_NAME,EMAIL,PHONE_NUMBER,HIRE_DATE,JOB_ID,SALARY,COMMISSION_PCT,MANAGER_ID,DEPARTMENT_ID) VALUES (140,'Joshua','Patel','JPATEL','650.121.1834',TO_DATE('2006-04-06','YYYY-MM-DD'),'ST_CLERK',2500,NULL,123,50);
INSERT INTO EMPLOYEES2 (EMPLOYEE_ID,FIRST_NAME,LAST_NAME,EMAIL,PHONE_NUMBER,HIRE_DATE,JOB_ID,SALARY,COMMISSION_PCT,MANAGER_ID,DEPARTMENT_ID) VALUES (141,'Trenna','Rajs','TRAJS','650.121.8009',TO_DATE('2003-10-17','YYYY-MM-DD'),'ST_CLERK',3500,NULL,124,50);
INSERT INTO EMPLOYEES2 (EMPLOYEE_ID,FIRST_NAME,LAST_NAME,EMAIL,PHONE_NUMBER,HIRE_DATE,JOB_ID,SALARY,COMMISSION_PCT,MANAGER_ID,DEPARTMENT_ID) VALUES (142,'Curtis','Davies','CDAVIES','650.121.2994',TO_DATE('2005-01-29','YYYY-MM-DD'),'ST_CLERK',3100,NULL,124,50);
INSERT INTO EMPLOYEES2 (EMPLOYEE_ID,FIRST_NAME,LAST_NAME,EMAIL,PHONE_NUMBER,HIRE_DATE,JOB_ID,SALARY,COMMISSION_PCT,MANAGER_ID,DEPARTMENT_ID) VALUES (143,'Randall','Matos','RMATOS','650.121.2874',TO_DATE('2006-03-15','YYYY-MM-DD'),'ST_CLERK',2600,NULL,124,50);
INSERT INTO EMPLOYEES2 (EMPLOYEE_ID,FIRST_NAME,LAST_NAME,EMAIL,PHONE_NUMBER,HIRE_DATE,JOB_ID,SALARY,COMMISSION_PCT,MANAGER_ID,DEPARTMENT_ID) VALUES (144,'Peter','Vargas','PVARGAS','650.121.2004',TO_DATE('2006-07-09','YYYY-MM-DD'),'ST_CLERK',2500,NULL,124,50);
INSERT INTO EMPLOYEES2 (EMPLOYEE_ID,FIRST_NAME,LAST_NAME,EMAIL,PHONE_NUMBER,HIRE_DATE,JOB_ID,SALARY,COMMISSION_PCT,MANAGER_ID,DEPARTMENT_ID) VALUES (145,'John','Russell','JRUSSEL','011.44.1344.429268',TO_DATE('2004-10-01','YYYY-MM-DD'),'SA_MAN',14000,0.4,100,80);
INSERT INTO EMPLOYEES2 (EMPLOYEE_ID,FIRST_NAME,LAST_NAME,EMAIL,PHONE_NUMBER,HIRE_DATE,JOB_ID,SALARY,COMMISSION_PCT,MANAGER_ID,DEPARTMENT_ID) VALUES (146,'Karen','Partners','KPARTNER','011.44.1344.467268',TO_DATE('2005-01-05','YYYY-MM-DD'),'SA_MAN',13500,0.3,100,80);
INSERT INTO EMPLOYEES2 (EMPLOYEE_ID,FIRST_NAME,LAST_NAME,EMAIL,PHONE_NUMBER,HIRE_DATE,JOB_ID,SALARY,COMMISSION_PCT,MANAGER_ID,DEPARTMENT_ID) VALUES (147,'Alberto','Errazuriz','AERRAZUR','011.44.1344.429278',TO_DATE('2005-03-10','YYYY-MM-DD'),'SA_MAN',12000,0.3,100,80);
INSERT INTO EMPLOYEES2 (EMPLOYEE_ID,FIRST_NAME,LAST_NAME,EMAIL,PHONE_NUMBER,HIRE_DATE,JOB_ID,SALARY,COMMISSION_PCT,MANAGER_ID,DEPARTMENT_ID) VALUES (148,'Gerald','Cambrault','GCAMBRAU','011.44.1344.619268',TO_DATE('2007-10-15','YYYY-MM-DD'),'SA_MAN',11000,0.3,100,80);
INSERT INTO EMPLOYEES2 (EMPLOYEE_ID,FIRST_NAME,LAST_NAME,EMAIL,PHONE_NUMBER,HIRE_DATE,JOB_ID,SALARY,COMMISSION_PCT,MANAGER_ID,DEPARTMENT_ID) VALUES (149,'Eleni','Zlotkey','EZLOTKEY','011.44.1344.429018',TO_DATE('2008-01-29','YYYY-MM-DD'),'SA_MAN',10500,0.2,100,80);
INSERT INTO EMPLOYEES2 (EMPLOYEE_ID,FIRST_NAME,LAST_NAME,EMAIL,PHONE_NUMBER,HIRE_DATE,JOB_ID,SALARY,COMMISSION_PCT,MANAGER_ID,DEPARTMENT_ID) VALUES (150,'Peter','Tucker','PTUCKER','011.44.1344.129268',TO_DATE('2005-01-30','YYYY-MM-DD'),'SA_REP',10000,0.3,145,80);
INSERT INTO EMPLOYEES2 (EMPLOYEE_ID,FIRST_NAME,LAST_NAME,EMAIL,PHONE_NUMBER,HIRE_DATE,JOB_ID,SALARY,COMMISSION_PCT,MANAGER_ID,DEPARTMENT_ID) VALUES (151,'David','Bernstein','DBERNSTE','011.44.1344.345268',TO_DATE('2005-03-24','YYYY-MM-DD'),'SA_REP',9500,0.25,145,80);
INSERT INTO EMPLOYEES2 (EMPLOYEE_ID,FIRST_NAME,LAST_NAME,EMAIL,PHONE_NUMBER,HIRE_DATE,JOB_ID,SALARY,COMMISSION_PCT,MANAGER_ID,DEPARTMENT_ID) VALUES (152,'Peter','Hall','PHALL','011.44.1344.478968',TO_DATE('2005-08-20','YYYY-MM-DD'),'SA_REP',9000,0.25,145,80);
INSERT INTO EMPLOYEES2 (EMPLOYEE_ID,FIRST_NAME,LAST_NAME,EMAIL,PHONE_NUMBER,HIRE_DATE,JOB_ID,SALARY,COMMISSION_PCT,MANAGER_ID,DEPARTMENT_ID) VALUES (153,'Christopher','Olsen','COLSEN','011.44.1344.498718',TO_DATE('2006-03-30','YYYY-MM-DD'),'SA_REP',8000,0.2,145,80);
INSERT INTO EMPLOYEES2 (EMPLOYEE_ID,FIRST_NAME,LAST_NAME,EMAIL,PHONE_NUMBER,HIRE_DATE,JOB_ID,SALARY,COMMISSION_PCT,MANAGER_ID,DEPARTMENT_ID) VALUES (154,'Nanette','Cambrault','NCAMBRAU','011.44.1344.987668',TO_DATE('2006-12-09','YYYY-MM-DD'),'SA_REP',7500,0.2,145,80);
INSERT INTO EMPLOYEES2 (EMPLOYEE_ID,FIRST_NAME,LAST_NAME,EMAIL,PHONE_NUMBER,HIRE_DATE,JOB_ID,SALARY,COMMISSION_PCT,MANAGER_ID,DEPARTMENT_ID) VALUES (155,'Oliver','Tuvault','OTUVAULT','011.44.1344.486508',TO_DATE('2007-11-23','YYYY-MM-DD'),'SA_REP',7000,0.15,145,80);
INSERT INTO EMPLOYEES2 (EMPLOYEE_ID,FIRST_NAME,LAST_NAME,EMAIL,PHONE_NUMBER,HIRE_DATE,JOB_ID,SALARY,COMMISSION_PCT,MANAGER_ID,DEPARTMENT_ID) VALUES (156,'Janette','King','JKING','011.44.1345.429268',TO_DATE('2004-01-30','YYYY-MM-DD'),'SA_REP',10000,0.35,146,80);
INSERT INTO EMPLOYEES2 (EMPLOYEE_ID,FIRST_NAME,LAST_NAME,EMAIL,PHONE_NUMBER,HIRE_DATE,JOB_ID,SALARY,COMMISSION_PCT,MANAGER_ID,DEPARTMENT_ID) VALUES (157,'Patrick','Sully','PSULLY','011.44.1345.929268',TO_DATE('2004-03-04','YYYY-MM-DD'),'SA_REP',9500,0.35,146,80);
INSERT INTO EMPLOYEES2 (EMPLOYEE_ID,FIRST_NAME,LAST_NAME,EMAIL,PHONE_NUMBER,HIRE_DATE,JOB_ID,SALARY,COMMISSION_PCT,MANAGER_ID,DEPARTMENT_ID) VALUES (158,'Allan','McEwen','AMCEWEN','011.44.1345.829268',TO_DATE('2004-08-01','YYYY-MM-DD'),'SA_REP',9000,0.35,146,80);
INSERT INTO EMPLOYEES2 (EMPLOYEE_ID,FIRST_NAME,LAST_NAME,EMAIL,PHONE_NUMBER,HIRE_DATE,JOB_ID,SALARY,COMMISSION_PCT,MANAGER_ID,DEPARTMENT_ID) VALUES (159,'Lindsey','Smith','LSMITH','011.44.1345.729268',TO_DATE('2005-03-10','YYYY-MM-DD'),'SA_REP',8000,0.3,146,80);
INSERT INTO EMPLOYEES2 (EMPLOYEE_ID,FIRST_NAME,LAST_NAME,EMAIL,PHONE_NUMBER,HIRE_DATE,JOB_ID,SALARY,COMMISSION_PCT,MANAGER_ID,DEPARTMENT_ID) VALUES (160,'Louise','Doran','LDORAN','011.44.1345.629268',TO_DATE('2005-12-15','YYYY-MM-DD'),'SA_REP',7500,0.3,146,80);
INSERT INTO EMPLOYEES2 (EMPLOYEE_ID,FIRST_NAME,LAST_NAME,EMAIL,PHONE_NUMBER,HIRE_DATE,JOB_ID,SALARY,COMMISSION_PCT,MANAGER_ID,DEPARTMENT_ID) VALUES (161,'Sarath','Sewall','SSEWALL','011.44.1345.529268',TO_DATE('2006-11-03','YYYY-MM-DD'),'SA_REP',7000,0.25,146,80);
INSERT INTO EMPLOYEES2 (EMPLOYEE_ID,FIRST_NAME,LAST_NAME,EMAIL,PHONE_NUMBER,HIRE_DATE,JOB_ID,SALARY,COMMISSION_PCT,MANAGER_ID,DEPARTMENT_ID) VALUES (162,'Clara','Vishney','CVISHNEY','011.44.1346.129268',TO_DATE('2005-11-11','YYYY-MM-DD'),'SA_REP',10500,0.25,147,80);
INSERT INTO EMPLOYEES2 (EMPLOYEE_ID,FIRST_NAME,LAST_NAME,EMAIL,PHONE_NUMBER,HIRE_DATE,JOB_ID,SALARY,COMMISSION_PCT,MANAGER_ID,DEPARTMENT_ID) VALUES (163,'Danielle','Greene','DGREENE','011.44.1346.229268',TO_DATE('2007-03-19','YYYY-MM-DD'),'SA_REP',9500,0.15,147,80);
INSERT INTO EMPLOYEES2 (EMPLOYEE_ID,FIRST_NAME,LAST_NAME,EMAIL,PHONE_NUMBER,HIRE_DATE,JOB_ID,SALARY,COMMISSION_PCT,MANAGER_ID,DEPARTMENT_ID) VALUES (164,'Mattea','Marvins','MMARVINS','011.44.1346.329268',TO_DATE('2008-01-24','YYYY-MM-DD'),'SA_REP',7200,0.1,147,80);
INSERT INTO EMPLOYEES2 (EMPLOYEE_ID,FIRST_NAME,LAST_NAME,EMAIL,PHONE_NUMBER,HIRE_DATE,JOB_ID,SALARY,COMMISSION_PCT,MANAGER_ID,DEPARTMENT_ID) VALUES (165,'David','Lee','DLEE','011.44.1346.529268',TO_DATE('2008-02-23','YYYY-MM-DD'),'SA_REP',6800,0.1,147,80);
INSERT INTO EMPLOYEES2 (EMPLOYEE_ID,FIRST_NAME,LAST_NAME,EMAIL,PHONE_NUMBER,HIRE_DATE,JOB_ID,SALARY,COMMISSION_PCT,MANAGER_ID,DEPARTMENT_ID) VALUES (166,'Sundar','Ande','SANDE','011.44.1346.629268',TO_DATE('2008-03-24','YYYY-MM-DD'),'SA_REP',6400,0.1,147,80);
INSERT INTO EMPLOYEES2 (EMPLOYEE_ID,FIRST_NAME,LAST_NAME,EMAIL,PHONE_NUMBER,HIRE_DATE,JOB_ID,SALARY,COMMISSION_PCT,MANAGER_ID,DEPARTMENT_ID) VALUES (167,'Amit','Banda','ABANDA','011.44.1346.729268',TO_DATE('2008-04-21','YYYY-MM-DD'),'SA_REP',6200,0.1,147,80);
INSERT INTO EMPLOYEES2 (EMPLOYEE_ID,FIRST_NAME,LAST_NAME,EMAIL,PHONE_NUMBER,HIRE_DATE,JOB_ID,SALARY,COMMISSION_PCT,MANAGER_ID,DEPARTMENT_ID) VALUES (168,'Lisa','Ozer','LOZER','011.44.1343.929268',TO_DATE('2005-03-11','YYYY-MM-DD'),'SA_REP',11500,0.25,148,80);
INSERT INTO EMPLOYEES2 (EMPLOYEE_ID,FIRST_NAME,LAST_NAME,EMAIL,PHONE_NUMBER,HIRE_DATE,JOB_ID,SALARY,COMMISSION_PCT,MANAGER_ID,DEPARTMENT_ID) VALUES (169,'Harrison','Bloom','HBLOOM','011.44.1343.829268',TO_DATE('2006-03-23','YYYY-MM-DD'),'SA_REP',10000,0.2,148,80);
INSERT INTO EMPLOYEES2 (EMPLOYEE_ID,FIRST_NAME,LAST_NAME,EMAIL,PHONE_NUMBER,HIRE_DATE,JOB_ID,SALARY,COMMISSION_PCT,MANAGER_ID,DEPARTMENT_ID) VALUES (170,'Tayler','Fox','TFOX','011.44.1343.729268',TO_DATE('2006-01-24','YYYY-MM-DD'),'SA_REP',9600,0.2,148,80);
INSERT INTO EMPLOYEES2 (EMPLOYEE_ID,FIRST_NAME,LAST_NAME,EMAIL,PHONE_NUMBER,HIRE_DATE,JOB_ID,SALARY,COMMISSION_PCT,MANAGER_ID,DEPARTMENT_ID) VALUES (171,'William','Smith','WSMITH','011.44.1343.629268',TO_DATE('2007-02-23','YYYY-MM-DD'),'SA_REP',7400,0.15,148,80);
INSERT INTO EMPLOYEES2 (EMPLOYEE_ID,FIRST_NAME,LAST_NAME,EMAIL,PHONE_NUMBER,HIRE_DATE,JOB_ID,SALARY,COMMISSION_PCT,MANAGER_ID,DEPARTMENT_ID) VALUES (172,'Elizabeth','Bates','EBATES','011.44.1343.529268',TO_DATE('2007-03-24','YYYY-MM-DD'),'SA_REP',7300,0.15,148,80);
INSERT INTO EMPLOYEES2 (EMPLOYEE_ID,FIRST_NAME,LAST_NAME,EMAIL,PHONE_NUMBER,HIRE_DATE,JOB_ID,SALARY,COMMISSION_PCT,MANAGER_ID,DEPARTMENT_ID) VALUES (173,'Sundita','Kumar','SKUMAR','011.44.1343.329268',TO_DATE('2008-04-21','YYYY-MM-DD'),'SA_REP',6100,0.1,148,80);
INSERT INTO EMPLOYEES2 (EMPLOYEE_ID,FIRST_NAME,LAST_NAME,EMAIL,PHONE_NUMBER,HIRE_DATE,JOB_ID,SALARY,COMMISSION_PCT,MANAGER_ID,DEPARTMENT_ID) VALUES (174,'Ellen','Abel','EABEL','011.44.1644.429267',TO_DATE('2004-05-11','YYYY-MM-DD'),'SA_REP',11000,0.3,149,80);
INSERT INTO EMPLOYEES2 (EMPLOYEE_ID,FIRST_NAME,LAST_NAME,EMAIL,PHONE_NUMBER,HIRE_DATE,JOB_ID,SALARY,COMMISSION_PCT,MANAGER_ID,DEPARTMENT_ID) VALUES (175,'Alyssa','Hutton','AHUTTON','011.44.1644.429266',TO_DATE('2005-03-19','YYYY-MM-DD'),'SA_REP',8800,0.25,149,80);
INSERT INTO EMPLOYEES2 (EMPLOYEE_ID,FIRST_NAME,LAST_NAME,EMAIL,PHONE_NUMBER,HIRE_DATE,JOB_ID,SALARY,COMMISSION_PCT,MANAGER_ID,DEPARTMENT_ID) VALUES (176,'Jonathon','Taylor','JTAYLOR','011.44.1644.429265',TO_DATE('2006-03-24','YYYY-MM-DD'),'SA_REP',8600,0.2,149,80);
INSERT INTO EMPLOYEES2 (EMPLOYEE_ID,FIRST_NAME,LAST_NAME,EMAIL,PHONE_NUMBER,HIRE_DATE,JOB_ID,SALARY,COMMISSION_PCT,MANAGER_ID,DEPARTMENT_ID) VALUES (177,'Jack','Livingston','JLIVINGS','011.44.1644.429264',TO_DATE('2006-04-23','YYYY-MM-DD'),'SA_REP',8400,0.2,149,80);
INSERT INTO EMPLOYEES2 (EMPLOYEE_ID,FIRST_NAME,LAST_NAME,EMAIL,PHONE_NUMBER,HIRE_DATE,JOB_ID,SALARY,COMMISSION_PCT,MANAGER_ID,DEPARTMENT_ID) VALUES (178,'Kimberely','Grant','KGRANT','011.44.1644.429263',TO_DATE('2007-05-24','YYYY-MM-DD'),'SA_REP',7000,0.15,149,NULL);
INSERT INTO EMPLOYEES2 (EMPLOYEE_ID,FIRST_NAME,LAST_NAME,EMAIL,PHONE_NUMBER,HIRE_DATE,JOB_ID,SALARY,COMMISSION_PCT,MANAGER_ID,DEPARTMENT_ID) VALUES (179,'Charles','Johnson','CJOHNSON','011.44.1644.429262',TO_DATE('2008-01-04','YYYY-MM-DD'),'SA_REP',6200,0.1,149,80);
INSERT INTO EMPLOYEES2 (EMPLOYEE_ID,FIRST_NAME,LAST_NAME,EMAIL,PHONE_NUMBER,HIRE_DATE,JOB_ID,SALARY,COMMISSION_PCT,MANAGER_ID,DEPARTMENT_ID) VALUES (180,'Winston','Taylor','WTAYLOR','650.507.9876',TO_DATE('2006-01-24','YYYY-MM-DD'),'SH_CLERK',3200,NULL,120,50);
INSERT INTO EMPLOYEES2 (EMPLOYEE_ID,FIRST_NAME,LAST_NAME,EMAIL,PHONE_NUMBER,HIRE_DATE,JOB_ID,SALARY,COMMISSION_PCT,MANAGER_ID,DEPARTMENT_ID) VALUES (181,'Jean','Fleaur','JFLEAUR','650.507.9877',TO_DATE('2006-02-23','YYYY-MM-DD'),'SH_CLERK',3100,NULL,120,50);
INSERT INTO EMPLOYEES2 (EMPLOYEE_ID,FIRST_NAME,LAST_NAME,EMAIL,PHONE_NUMBER,HIRE_DATE,JOB_ID,SALARY,COMMISSION_PCT,MANAGER_ID,DEPARTMENT_ID) VALUES (182,'Martha','Sullivan','MSULLIVA','650.507.9878',TO_DATE('2007-06-21','YYYY-MM-DD'),'SH_CLERK',2500,NULL,120,50);
INSERT INTO EMPLOYEES2 (EMPLOYEE_ID,FIRST_NAME,LAST_NAME,EMAIL,PHONE_NUMBER,HIRE_DATE,JOB_ID,SALARY,COMMISSION_PCT,MANAGER_ID,DEPARTMENT_ID) VALUES (183,'Girard','Geoni','GGEONI','650.507.9879',TO_DATE('2008-02-03','YYYY-MM-DD'),'SH_CLERK',2800,NULL,120,50);
INSERT INTO EMPLOYEES2 (EMPLOYEE_ID,FIRST_NAME,LAST_NAME,EMAIL,PHONE_NUMBER,HIRE_DATE,JOB_ID,SALARY,COMMISSION_PCT,MANAGER_ID,DEPARTMENT_ID) VALUES (184,'Nandita','Sarchand','NSARCHAN','650.509.1876',TO_DATE('2004-01-27','YYYY-MM-DD'),'SH_CLERK',4200,NULL,121,50);
INSERT INTO EMPLOYEES2 (EMPLOYEE_ID,FIRST_NAME,LAST_NAME,EMAIL,PHONE_NUMBER,HIRE_DATE,JOB_ID,SALARY,COMMISSION_PCT,MANAGER_ID,DEPARTMENT_ID) VALUES (185,'Alexis','Bull','ABULL','650.509.2876',TO_DATE('2005-02-20','YYYY-MM-DD'),'SH_CLERK',4100,NULL,121,50);
INSERT INTO EMPLOYEES2 (EMPLOYEE_ID,FIRST_NAME,LAST_NAME,EMAIL,PHONE_NUMBER,HIRE_DATE,JOB_ID,SALARY,COMMISSION_PCT,MANAGER_ID,DEPARTMENT_ID) VALUES (186,'Julia','Dellinger','JDELLING','650.509.3876',TO_DATE('2006-06-24','YYYY-MM-DD'),'SH_CLERK',3400,NULL,121,50);
INSERT INTO EMPLOYEES2 (EMPLOYEE_ID,FIRST_NAME,LAST_NAME,EMAIL,PHONE_NUMBER,HIRE_DATE,JOB_ID,SALARY,COMMISSION_PCT,MANAGER_ID,DEPARTMENT_ID) VALUES (187,'Anthony','Cabrio','ACABRIO','650.509.4876',TO_DATE('2007-02-07','YYYY-MM-DD'),'SH_CLERK',3000,NULL,121,50);
INSERT INTO EMPLOYEES2 (EMPLOYEE_ID,FIRST_NAME,LAST_NAME,EMAIL,PHONE_NUMBER,HIRE_DATE,JOB_ID,SALARY,COMMISSION_PCT,MANAGER_ID,DEPARTMENT_ID) VALUES (188,'Kelly','Chung','KCHUNG','650.505.1876',TO_DATE('2005-06-14','YYYY-MM-DD'),'SH_CLERK',3800,NULL,122,50);
INSERT INTO EMPLOYEES2 (EMPLOYEE_ID,FIRST_NAME,LAST_NAME,EMAIL,PHONE_NUMBER,HIRE_DATE,JOB_ID,SALARY,COMMISSION_PCT,MANAGER_ID,DEPARTMENT_ID) VALUES (189,'Jennifer','Dilly','JDILLY','650.505.2876',TO_DATE('2005-08-13','YYYY-MM-DD'),'SH_CLERK',3600,NULL,122,50);
INSERT INTO EMPLOYEES2 (EMPLOYEE_ID,FIRST_NAME,LAST_NAME,EMAIL,PHONE_NUMBER,HIRE_DATE,JOB_ID,SALARY,COMMISSION_PCT,MANAGER_ID,DEPARTMENT_ID) VALUES (190,'Timothy','Gates','TGATES','650.505.3876',TO_DATE('2006-07-11','YYYY-MM-DD'),'SH_CLERK',2900,NULL,122,50);
INSERT INTO EMPLOYEES2 (EMPLOYEE_ID,FIRST_NAME,LAST_NAME,EMAIL,PHONE_NUMBER,HIRE_DATE,JOB_ID,SALARY,COMMISSION_PCT,MANAGER_ID,DEPARTMENT_ID) VALUES (191,'Randall','Perkins','RPERKINS','650.505.4876',TO_DATE('2007-12-19','YYYY-MM-DD'),'SH_CLERK',2500,NULL,122,50);
INSERT INTO EMPLOYEES2 (EMPLOYEE_ID,FIRST_NAME,LAST_NAME,EMAIL,PHONE_NUMBER,HIRE_DATE,JOB_ID,SALARY,COMMISSION_PCT,MANAGER_ID,DEPARTMENT_ID) VALUES (192,'Sarah','Bell','SBELL','650.501.1876',TO_DATE('2004-02-04','YYYY-MM-DD'),'SH_CLERK',4000,NULL,123,50);
INSERT INTO EMPLOYEES2 (EMPLOYEE_ID,FIRST_NAME,LAST_NAME,EMAIL,PHONE_NUMBER,HIRE_DATE,JOB_ID,SALARY,COMMISSION_PCT,MANAGER_ID,DEPARTMENT_ID) VALUES (193,'Britney','Everett','BEVERETT','650.501.2876',TO_DATE('2005-03-03','YYYY-MM-DD'),'SH_CLERK',3900,NULL,123,50);
INSERT INTO EMPLOYEES2 (EMPLOYEE_ID,FIRST_NAME,LAST_NAME,EMAIL,PHONE_NUMBER,HIRE_DATE,JOB_ID,SALARY,COMMISSION_PCT,MANAGER_ID,DEPARTMENT_ID) VALUES (194,'Samuel','McCain','SMCCAIN','650.501.3876',TO_DATE('2006-07-01','YYYY-MM-DD'),'SH_CLERK',3200,NULL,123,50);
INSERT INTO EMPLOYEES2 (EMPLOYEE_ID,FIRST_NAME,LAST_NAME,EMAIL,PHONE_NUMBER,HIRE_DATE,JOB_ID,SALARY,COMMISSION_PCT,MANAGER_ID,DEPARTMENT_ID) VALUES (195,'Vance','Jones','VJONES','650.501.4876',TO_DATE('2007-03-17','YYYY-MM-DD'),'SH_CLERK',2800,NULL,123,50);
INSERT INTO EMPLOYEES2 (EMPLOYEE_ID,FIRST_NAME,LAST_NAME,EMAIL,PHONE_NUMBER,HIRE_DATE,JOB_ID,SALARY,COMMISSION_PCT,MANAGER_ID,DEPARTMENT_ID) VALUES (196,'Alana','Walsh','AWALSH','650.507.9811',TO_DATE('2006-04-24','YYYY-MM-DD'),'SH_CLERK',3100,NULL,124,50);
INSERT INTO EMPLOYEES2 (EMPLOYEE_ID,FIRST_NAME,LAST_NAME,EMAIL,PHONE_NUMBER,HIRE_DATE,JOB_ID,SALARY,COMMISSION_PCT,MANAGER_ID,DEPARTMENT_ID) VALUES (197,'Kevin','Feeney','KFEENEY','650.507.9822',TO_DATE('2006-05-23','YYYY-MM-DD'),'SH_CLERK',3000,NULL,124,50);
INSERT INTO EMPLOYEES2 (EMPLOYEE_ID,FIRST_NAME,LAST_NAME,EMAIL,PHONE_NUMBER,HIRE_DATE,JOB_ID,SALARY,COMMISSION_PCT,MANAGER_ID,DEPARTMENT_ID) VALUES (198,'Donald','OConnell','DOCONNEL','650.507.9833',TO_DATE('2007-06-21','YYYY-MM-DD'),'SH_CLERK',2600,NULL,124,50);
INSERT INTO EMPLOYEES2 (EMPLOYEE_ID,FIRST_NAME,LAST_NAME,EMAIL,PHONE_NUMBER,HIRE_DATE,JOB_ID,SALARY,COMMISSION_PCT,MANAGER_ID,DEPARTMENT_ID) VALUES (199,'Douglas','Grant','DGRANT','650.507.9844',TO_DATE('2008-01-13','YYYY-MM-DD'),'SH_CLERK',2600,NULL,124,50);
INSERT INTO EMPLOYEES2 (EMPLOYEE_ID,FIRST_NAME,LAST_NAME,EMAIL,PHONE_NUMBER,HIRE_DATE,JOB_ID,SALARY,COMMISSION_PCT,MANAGER_ID,DEPARTMENT_ID) VALUES (200,'Jennifer','Whalen','JWHALEN','515.123.4444',TO_DATE('2003-09-17','YYYY-MM-DD'),'AD_ASST',4400,NULL,101,10);
INSERT INTO EMPLOYEES2 (EMPLOYEE_ID,FIRST_NAME,LAST_NAME,EMAIL,PHONE_NUMBER,HIRE_DATE,JOB_ID,SALARY,COMMISSION_PCT,MANAGER_ID,DEPARTMENT_ID) VALUES (201,'Michael','Hartstein','MHARTSTE','515.123.5555',TO_DATE('2004-02-17','YYYY-MM-DD'),'MK_MAN',13000,NULL,100,20);
INSERT INTO EMPLOYEES2 (EMPLOYEE_ID,FIRST_NAME,LAST_NAME,EMAIL,PHONE_NUMBER,HIRE_DATE,JOB_ID,SALARY,COMMISSION_PCT,MANAGER_ID,DEPARTMENT_ID) VALUES (202,'Pat','Fay','PFAY','603.123.6666',TO_DATE('2005-08-17','YYYY-MM-DD'),'MK_REP',6000,NULL,201,20);
INSERT INTO EMPLOYEES2 (EMPLOYEE_ID,FIRST_NAME,LAST_NAME,EMAIL,PHONE_NUMBER,HIRE_DATE,JOB_ID,SALARY,COMMISSION_PCT,MANAGER_ID,DEPARTMENT_ID) VALUES (203,'Susan','Mavris','SMAVRIS','515.123.7777',TO_DATE('2002-06-07','YYYY-MM-DD'),'HR_REP',6500,NULL,101,40);
INSERT INTO EMPLOYEES2 (EMPLOYEE_ID,FIRST_NAME,LAST_NAME,EMAIL,PHONE_NUMBER,HIRE_DATE,JOB_ID,SALARY,COMMISSION_PCT,MANAGER_ID,DEPARTMENT_ID) VALUES (204,'Hermann','Baer','HBAER','515.123.8888',TO_DATE('2002-06-07','YYYY-MM-DD'),'PR_REP',10000,NULL,101,70);
INSERT INTO EMPLOYEES2 (EMPLOYEE_ID,FIRST_NAME,LAST_NAME,EMAIL,PHONE_NUMBER,HIRE_DATE,JOB_ID,SALARY,COMMISSION_PCT,MANAGER_ID,DEPARTMENT_ID) VALUES (205,'Shelley','Higgins','SHIGGINS','515.123.8080',TO_DATE('2002-06-07','YYYY-MM-DD'),'AC_MGR',12008,NULL,101,110);
INSERT INTO EMPLOYEES2 (EMPLOYEE_ID,FIRST_NAME,LAST_NAME,EMAIL,PHONE_NUMBER,HIRE_DATE,JOB_ID,SALARY,COMMISSION_PCT,MANAGER_ID,DEPARTMENT_ID) VALUES (206,'William','Gietz','WGIETZ','515.123.8181',TO_DATE('2002-06-07','YYYY-MM-DD'),'AC_ACCOUNT',8300,NULL,205,110);


SELECT *
FROM EMPLOYEES2;                 
--------------------------------------------------------------------------------
-- 7. JOB_HISTORY2 테이블 만들기-------------------------------------------------

CREATE TABLE JOB_HISTORY2
( EMPLOYEE_ID    NUMBER(6)     CONSTRAINT JHIST2_EMPLOYEE_NN NOT NULL
, START_DATE     DATE          CONSTRAINT JHIST2_STRAT_DATE_NN NOT NULL
, END_DATE       DATE          CONSTRAINT JHIST2_END_DATE_NN NOT NULL
, JOB_ID         VARCHAR2(10)  CONSTRAINT JHIST2_JOB_NN NOT NULL
, DEPARTMENT_ID  NUMBER(4)   
, CONSTRAINT JHIST2_DATE_INTERVAL CHECK(END_DATE > START_DATE)
, CONSTRAINT JHIST2_EMP_ID_ST_DATE_PK PRIMARY KEY(EMPLOYEE_ID, START_DATE)    
, CONSTRAINT JHIST2_JOB_FK  FOREIGN KEY (JOB_ID)       
                            REFERENCES JOBS2(JOB_ID)              
, CONSTRAINT JHIST2_EMP_FK  FOREIGN KEY (EMPLOYEE_ID)  
                            REFERENCES EMPLOYEES2(EMPLOYEE_ID)     
, CONSTRAINT JHIST2_DEPT_FK FOREIGN KEY (DEPARTMENT_ID)
                            REFERENCES DEPARTMENTS2(DEPARTMENT_ID) 
);

INSERT INTO JOB_HISTORY2 (EMPLOYEE_ID,START_DATE,END_DATE,JOB_ID,DEPARTMENT_ID) VALUES (102,TO_DATE('2001-01-13','YYYY-MM-DD'),TO_DATE('2006-07-24','YYYY-MM-DD'),'IT_PROG',60);
INSERT INTO JOB_HISTORY2 (EMPLOYEE_ID,START_DATE,END_DATE,JOB_ID,DEPARTMENT_ID) VALUES (101,TO_DATE('1997-09-21','YYYY-MM-DD'),TO_DATE('2001-10-27','YYYY-MM-DD'),'AC_ACCOUNT',110);
INSERT INTO JOB_HISTORY2 (EMPLOYEE_ID,START_DATE,END_DATE,JOB_ID,DEPARTMENT_ID) VALUES (101,TO_DATE('2001-10-28','YYYY-MM-DD'),TO_DATE('2005-03-15','YYYY-MM-DD'),'AC_MGR',110);
INSERT INTO JOB_HISTORY2 (EMPLOYEE_ID,START_DATE,END_DATE,JOB_ID,DEPARTMENT_ID) VALUES (201,TO_DATE('2004-02-17','YYYY-MM-DD'),TO_DATE('2007-12-19','YYYY-MM-DD'),'MK_REP',20);
INSERT INTO JOB_HISTORY2 (EMPLOYEE_ID,START_DATE,END_DATE,JOB_ID,DEPARTMENT_ID) VALUES (114,TO_DATE('2006-03-24','YYYY-MM-DD'),TO_DATE('2007-12-31','YYYY-MM-DD'),'ST_CLERK',50);
INSERT INTO JOB_HISTORY2 (EMPLOYEE_ID,START_DATE,END_DATE,JOB_ID,DEPARTMENT_ID) VALUES (122,TO_DATE('2007-01-01','YYYY-MM-DD'),TO_DATE('2007-12-31','YYYY-MM-DD'),'ST_CLERK',50);
INSERT INTO JOB_HISTORY2 (EMPLOYEE_ID,START_DATE,END_DATE,JOB_ID,DEPARTMENT_ID) VALUES (200,TO_DATE('1995-09-17','YYYY-MM-DD'),TO_DATE('2001-06-17','YYYY-MM-DD'),'AD_ASST',90);
INSERT INTO JOB_HISTORY2 (EMPLOYEE_ID,START_DATE,END_DATE,JOB_ID,DEPARTMENT_ID) VALUES (176,TO_DATE('2006-03-24','YYYY-MM-DD'),TO_DATE('2006-12-31','YYYY-MM-DD'),'SA_REP',80);
INSERT INTO JOB_HISTORY2 (EMPLOYEE_ID,START_DATE,END_DATE,JOB_ID,DEPARTMENT_ID) VALUES (176,TO_DATE('2007-01-01','YYYY-MM-DD'),TO_DATE('2007-12-31','YYYY-MM-DD'),'SA_MAN',80);
INSERT INTO JOB_HISTORY2 (EMPLOYEE_ID,START_DATE,END_DATE,JOB_ID,DEPARTMENT_ID) VALUES (200,TO_DATE('2002-07-01','YYYY-MM-DD'),TO_DATE('2006-12-31','YYYY-MM-DD'),'AC_ACCOUNT',90);



SELECT *
FROM JOB_HISTORY2;

SELECT *
FROM VIEW_CONSTCHECK
WHERE TABLE_NAME = 'JOB_HISTORY2';
--------------------------------------------------------------------------------

COMMIT;


